{
  "camera_matrix": [
    [
      2242.3506568564558,
      0.0,
      973.1622176509583
    ],
    [
      0.0,
      2247.3298423422475,
      587.2778657831082
    ],
    [
      0.0,
      0.0,
      1.0
    ]
  ],
  "dist_coeffs": [
    [
      0.010299803567964016,
      0.8461547666972083,
      -0.002469970354150114,
      0.0024462467329044954,
      -1.810287408959607
    ]
  ],
  "rvecs": [
    [
      [
        -0.6679972121421517
      ],
      [
        -0.2891987213818053
      ],
      [
        -0.05092087120327877
      ]
    ],
    [
      [
        -0.6635969919327346
      ],
      [
        -0.018654574637977036
      ],
      [
        -0.03045734378092988
      ]
    ],
    [
      [
        -0.5324735493689063
      ],
      [
        0.04378946196883907
      ],
      [
        -0.23366676288205923
      ]
    ],
    [
      [
        -0.9613317114778268
      ],
      [
        -0.058856970727541764
      ],
      [
        -0.040171166689550834
      ]
    ],
    [
      [
        -0.756464828736182
      ],
      [
        -0.33760280984174174
      ],
      [
        0.08544094663236655
      ]
    ],
    [
      [
        -0.6244583070689402
      ],
      [
        -0.5661311382397427
      ],
      [
        0.10556467644128943
      ]
    ],
    [
      [
        -0.04258172638776386
      ],
      [
        -0.029311220759578392
      ],
      [
        -0.008419902812994158
      ]
    ],
    [
      [
        -0.6830210127490757
      ],
      [
        -0.30874168835273846
      ],
      [
        0.07594372252218858
      ]
    ],
    [
      [
        -0.6642536283075957
      ],
      [
        -0.024322951806614233
      ],
      [
        -0.05096691538801097
      ]
    ],
    [
      [
        -0.05597060442774514
      ],
      [
        -0.03893421165489225
      ],
      [
        -0.015605782227352928
      ]
    ],
    [
      [
        -0.27246543679483715
      ],
      [
        -0.0022356187985632693
      ],
      [
        -0.02254896199155544
      ]
    ]
  ],
  "tvecs": [
    [
      [
        -4.487615156092215
      ],
      [
        -3.557358950092341
      ],
      [
        31.68945086169461
      ]
    ],
    [
      [
        -3.6313586233911854
      ],
      [
        -0.8590626882481317
      ],
      [
        35.8825740178332
      ]
    ],
    [
      [
        -4.165799444982193
      ],
      [
        -1.2270526796953818
      ],
      [
        17.51612898741282
      ]
    ],
    [
      [
        -3.795973397226059
      ],
      [
        -4.462973475779586
      ],
      [
        36.48539430419268
      ]
    ],
    [
      [
        -3.319405338795472
      ],
      [
        -2.532039672734024
      ],
      [
        17.788353606336162
      ]
    ],
    [
      [
        -6.883434640718406
      ],
      [
        -4.6881812007374215
      ],
      [
        29.254471633099783
      ]
    ],
    [
      [
        -3.0348665771327745
      ],
      [
        -1.7962500667057761
      ],
      [
        20.32904347285044
      ]
    ],
    [
      [
        -7.6101793122585555
      ],
      [
        -2.473429575942089
      ],
      [
        27.87156428302101
      ]
    ],
    [
      [
        2.6483213364279297
      ],
      [
        -2.287200708799893
      ],
      [
        37.070733527429255
      ]
    ],
    [
      [
        -3.2600519279871314
      ],
      [
        -2.1550602456889654
      ],
      [
        16.102861256635197
      ]
    ],
    [
      [
        -3.4184020135940147
      ],
      [
        -1.403298096258064
      ],
      [
        27.58469719907082
      ]
    ]
  ]
}
